Workbook

Sheet Dashboard integral
A1: Dashboard integral - Servicio Medico Tandanor
A2: Primer semestre 2026 | Ausentismo, prevencion y capacidad de respuesta.
A4: AUSENTISMO SERVICIO MEDICO | D4: BP | G4: ART | J4: COBERTURA ANTIGRIPAL | M4: JERARQUIA Total medico incluye BP e incluye ART
A5: ='Ausentismo 1S'!$M$12 -> 0.047162982 | D5: ='Ausentismo 1S'!$N$12 -> 0.021406178 | G5: ='Ausentismo 1S'!$O$12 -> 0.010021666 | J5: ='KPI preventivos'!$D$12 -> 0.46296296
A9: Indicadores operativos
A10: BOTIQUINES | D10: DEA | G10: OXIGENO | J10: ACTIVOS DE EMERGENCIA | M10: 3 equipos no operativos 1 botiquin c/obs.
A11: ='KPI preventivos'!$F$5 -> 0.94444444 | D11: ='KPI preventivos'!$F$6 -> 0.75 | G11: ='KPI preventivos'!$F$7 -> 0.85714286 | J11: ='KPI preventivos'!$F$8 -> 0.91489362
A16: Mes | B16: Total Servicio Medico | C16: BP | D16: ART
A17: Enero | B17: ='Ausentismo 1S'!M5 -> 0.043604327 | C17: ='Ausentismo 1S'!N5 -> 0.020965763 | D17: ='Ausentismo 1S'!O5 -> 0.012824802
A18: Febrero | B18: ='Ausentismo 1S'!M6 -> 0.043488968 | C18: ='Ausentismo 1S'!N6 -> 0.019963226 | D18: ='Ausentismo 1S'!O6 -> 0.012608353
A19: Marzo | B19: ='Ausentismo 1S'!M7 -> 0.044376492 | C19: ='Ausentismo 1S'!N7 -> 0.014558473 | D19: ='Ausentismo 1S'!O7 -> 0.013126492
A20: Abril | B20: ='Ausentismo 1S'!M8 -> 0.042030502 | C20: ='Ausentismo 1S'!N8 -> 0.016866029 | D20: ='Ausentismo 1S'!O8 -> 0.0051435407
A21: Mayo | B21: ='Ausentismo 1S'!M9 -> 0.051378446 | C21: ='Ausentismo 1S'!N9 -> 0.026190476 | D21: ='Ausentismo 1S'!O9 -> 0.0064066416
A22: Junio | B22: ='Ausentismo 1S'!M10 -> 0.057701071 | C22: ='Ausentismo 1S'!N10 -> 0.029619503 | D22: ='Ausentismo 1S'!O10 -> 0.0098826612
A25: Patologia BP | B25: Casos | C25: % BP | D25: Rank
A26: Traumatologicas - miembros inferiores | B26: ='Ranking BP'!B5 -> 11 | C26: ='Ranking BP'!C5 -> 0.32352941 | D26: 1
A27: Otras | B27: ='Ranking BP'!B6 -> 9 | C27: ='Ranking BP'!C6 -> 0.26470588 | D27: 2
A28: Traumatologicas - columna | B28: ='Ranking BP'!B7 -> 4 | C28: ='Ranking BP'!C7 -> 0.11764706 | D28: 3
A29: Salud mental | B29: ='Ranking BP'!B8 -> 3 | C29: ='Ranking BP'!C8 -> 0.088235294 | D29: 4
A30: Traumatologicas - miembros superiores | B30: ='Ranking BP'!B9 -> 3 | C30: ='Ranking BP'!C9 -> 0.088235294 | D30: 5
A33: Alertas de calidad y gestion
A34: BP: 39 registros del semestre se consolidaron en 34 casos reales; 5 continuidades dejaron de contarse como casos nuevos. Vacunacion: 200 aplicaciones consolidadas, pero 193 personas marcadas SI en la nomina (diferencia: 7). Equipamiento: 3 activos no operativos y 1 botiquin con observaciones.

Sheet Ausentismo 1S
A1: Ausentismo atribuible al Servicio Medico - Primer semestre 2026
A2: BP distingue casos activos, nuevos y unicos acumulados. Una continuidad de la misma persona y patologia se cuenta una sola vez.
A4: Periodo | B4: Mes | C4: Hs teoricas | D4: Hs enfermedad | E4: Hs ART | F4: BP activos | G4: BP nuevos | H4: BP unicos acum. | I4: Dias habiles BP | J4: Hs BP | K4: Hs medicas | L4: Otras enfermedades | M4: Tasa medica | N4: Tasa BP | O4: Tasa ART | P4: % BP / medico | Q4: % ART / medico | R4: Control
A5: 2026-01 | B5: Enero | C5: 71736 | D5: 2208 | E5: 920 | F5: 12 | G5: 4 | H5: 12 | I5: 188 | J5: =I5*8 -> 1504 | K5: =D5+E5 -> 3128 | L5: =D5-J5 -> 704 | M5: =IF(C5=0,"",K5/C5) -> 0.043604327 | N5: =IF(C5=0,"",J5/C5) -> 0.020965763 | O5: =IF(C5=0,"",E5/C5) -> 0.012824802 | P5: =IF(K5=0,"",J5/K5) -> 0.48081841 | Q5: =IF(K5=0,"",E5/K5) -> 0.29411765 | R5: =IF(AND(J5<=D5,E5<=K5),"OK","REVISAR") -> OK
A6: 2026-02 | B6: Febrero | C6: 60912 | D6: 1881 | E6: 768 | F6: 12 | G6: 3 | H6: 15 | I6: 152 | J6: =I6*8 -> 1216 | K6: =D6+E6 -> 2649 | L6: =D6-J6 -> 665 | M6: =IF(C6=0,"",K6/C6) -> 0.043488968 | N6: =IF(C6=0,"",J6/C6) -> 0.019963226 | O6: =IF(C6=0,"",E6/C6) -> 0.012608353 | P6: =IF(K6=0,"",J6/K6) -> 0.45904115 | Q6: =IF(K6=0,"",E6/K6) -> 0.28992072 | R6: =IF(AND(J6<=D6,E6<=K6),"OK","REVISAR") -> OK
A7: 2026-03 | B7: Marzo | C7: 67040 | D7: 2095 | E7: 880 | F7: 11 | G7: 3 | H7: 18 | I7: 122 | J7: =I7*8 -> 976 | K7: =D7+E7 -> 2975 | L7: =D7-J7 -> 1119 | M7: =IF(C7=0,"",K7/C7) -> 0.044376492 | N7: =IF(C7=0,"",J7/C7) -> 0.014558473 | O7: =IF(C7=0,"",E7/C7) -> 0.013126492 | P7: =IF(K7=0,"",J7/K7) -> 0.32806723 | Q7: =IF(K7=0,"",E7/K7) -> 0.29579832 | R7: =IF(AND(J7<=D7,E7<=K7),"OK","REVISAR") -> OK
A8: 2026-04 | B8: Abril | C8: 66880 | D8: 2467 | E8: 344 | F8: 11 | G8: 5 | H8: 23 | I8: 141 | J8: =I8*8 -> 1128 | K8: =D8+E8 -> 2811 | L8: =D8-J8 -> 1339 | M8: =IF(C8=0,"",K8/C8) -> 0.042030502 | N8: =IF(C8=0,"",J8/C8) -> 0.016866029 | O8: =IF(C8=0,"",E8/C8) -> 0.0051435407 | P8: =IF(K8=0,"",J8/K8) -> 0.40128068 | Q8: =IF(K8=0,"",E8/K8) -> 0.12237638 | R8: =IF(AND(J8<=D8,E8<=K8),"OK","REVISAR") -> OK
A9: 2026-05 | B9: Mayo | C9: 63840 | D9: 2871 | E9: 409 | F9: 16 | G9: 7 | H9: 30 | I9: 209 | J9: =I9*8 -> 1672 | K9: =D9+E9 -> 3280 | L9: =D9-J9 -> 1199 | M9: =IF(C9=0,"",K9/C9) -> 0.051378446 | N9: =IF(C9=0,"",J9/C9) -> 0.026190476 | O9: =IF(C9=0,"",E9/C9) -> 0.0064066416 | P9: =IF(K9=0,"",J9/K9) -> 0.5097561 | Q9: =IF(K9=0,"",E9/K9) -> 0.12469512 | R9: =IF(AND(J9<=D9,E9<=K9),"OK","REVISAR") -> OK
A10: 2026-06 | B10: Junio | C10: 70224 | D10: 3358 | E10: 694 | F10: 17 | G10: 4 | H10: 34 | I10: 260 | J10: =I10*8 -> 2080 | K10: =D10+E10 -> 4052 | L10: =D10-J10 -> 1278 | M10: =IF(C10=0,"",K10/C10) -> 0.057701071 | N10: =IF(C10=0,"",J10/C10) -> 0.029619503 | O10: =IF(C10=0,"",E10/C10) -> 0.0098826612 | P10: =IF(K10=0,"",J10/K10) -> 0.51332675 | Q10: =IF(K10=0,"",E10/K10) -> 0.17127345 | R10: =IF(AND(J10<=D10,E10<=K10),"OK","REVISAR") -> OK
A12: 1er semestre 2026 | C12: =SUM(C5:C10) -> 400632 | D12: =SUM(D5:D10) -> 14880 | E12: =SUM(E5:E10) -> 4015 | F12: - | G12: =SUM(G5:G10) -> 26 | H12: 34 | I12: =SUM(I5:I10) -> 1072 | J12: =SUM(J5:J10) -> 8576 | K12: =SUM(K5:K10) -> 18895 | L12: =SUM(L5:L10) -> 6304 | M12: =K12/C12 -> 0.047162982 | N12: =J12/C12 -> 0.021406178 | O12: =E12/C12 -> 0.010021666 | P12: =J12/K12 -> 0.45387669 | Q12: =E12/K12 -> 0.21249008 | R12: =IF(COUNTIF(R5:R10,"REVISAR")=0,"OK","REVISAR") -> OK
A15: Mes | B15: Total Servicio Medico | C15: BP | D15: ART
A16: Enero | B16: =M5 -> 0.043604327 | C16: =N5 -> 0.020965763 | D16: =O5 -> 0.012824802
A17: Febrero | B17: =M6 -> 0.043488968 | C17: =N6 -> 0.019963226 | D17: =O6 -> 0.012608353
A18: Marzo | B18: =M7 -> 0.044376492 | C18: =N7 -> 0.014558473 | D18: =O7 -> 0.013126492
A19: Abril | B19: =M8 -> 0.042030502 | C19: =N8 -> 0.016866029 | D19: =O8 -> 0.0051435407
A20: Mayo | B20: =M9 -> 0.051378446 | C20: =N9 -> 0.026190476 | D20: =O9 -> 0.0064066416
A21: Junio | B21: =M10 -> 0.057701071 | C21: =N10 -> 0.029619503 | D21: =O10 -> 0.0098826612
A24: Composicion semestral | B24: Horas | C24: % del total medico | D24: Lectura
A25: BP | B25: =J12 -> 8576 | C25: =B25/$K$12 -> 0.45387669 | D25: Parte de enfermedad
A26: ART | B26: =E12 -> 4015 | C26: =B26/$K$12 -> 0.21249008 | D26: Accidentes cubiertos por ART
A27: Otras enfermedades | B27: =L12 -> 6304 | C27: =B27/$K$12 -> 0.33363324 | D27: Enfermedad no clasificada como BP

Sheet KPI preventivos
A1: KPIs preventivos y capacidad de respuesta
A2: Vacunacion antigripal, botiquines, DEA, oxigeno y activos de emergencia.
A4: Activo | B4: Total | C4: Operativos | D4: Con observaciones | E4: No operativos | F4: % plenamente operativo
A5: Botiquines | B5: 36 | C5: 34 | D5: 1 | E5: 1 | F5: =IF(B5=0,"",C5/B5) -> 0.94444444
A6: DEA | B6: 4 | C6: 3 | D6: 0 | E6: 1 | F6: =IF(B6=0,"",C6/B6) -> 0.75
A7: Oxigeno | B7: 7 | C7: 6 | D7: 0 | E7: 1 | F7: =IF(B7=0,"",C7/B7) -> 0.85714286
A8: Total activos | B8: =SUM(B5:B7) -> 47 | C8: =SUM(C5:C7) -> 43 | D8: =SUM(D5:D7) -> 1 | E8: =SUM(E5:E7) -> 3 | F8: =C8/B8 -> 0.91489362
A11: Vacunacion antigripal | B11: Personas | C11: Dotacion | D11: Cobertura | E11: Control de calidad
A12: Registro consolidado | B12: 200 | C12: 432 | D12: =B12/C12 -> 0.46296296 | E12: 193 SI en nomina; diferencia 7
A13: Nomina marcada SI | B13: 193 | C13: 432 | D13: =B13/C13 -> 0.44675926 | E13: Pendiente conciliacion
A16: Indicador adicional | B16: Valor | C16: Estado | D16: Observacion
A17: Equipos fuera de servicio | B17: 3 | C17: Atencion | D17: 1 botiquin + 1 DEA + 1 oxigeno
A18: Botiquin con observaciones | B18: 1 | C18: Seguimiento | D18: BOT-10
A19: Ambulancias registradas | B19: 2 | C19: Revisar | D19: Una unidad sin estado consignado
A20: Capacitaciones registradas | B20: 1 | C20: En curso | D20: RCP; asistencia sin completar
A23: Criterio: plenamente operativo exige estado "operativo" sin observaciones. Los porcentajes se recalcularon desde cada inventario, no desde las tarjetas antiguas.

Sheet Ranking BP
A1: Ranking de patologias en enfermedad prolongada (BP)
A2: 34 casos reales del semestre. Las continuidades mensuales de una misma persona y patologia se consolidaron. Sin nombres ni legajos.
A4: Grupo de patologias | B4: Casos | C4: % de episodios BP | D4: Grupo breve | E4: Casos
A5: Traumatologicas - miembros inferiores | B5: 11 | C5: =IF($B$13=0,"",B5/$B$13) -> 0.32352941 | D5: Miembros inferiores | E5: =B5 -> 11
A6: Otras | B6: 9 | C6: =IF($B$13=0,"",B6/$B$13) -> 0.26470588 | D6: Otras | E6: =B6 -> 9
A7: Traumatologicas - columna | B7: 4 | C7: =IF($B$13=0,"",B7/$B$13) -> 0.11764706 | D7: Columna | E7: =B7 -> 4
A8: Salud mental | B8: 3 | C8: =IF($B$13=0,"",B8/$B$13) -> 0.088235294 | D8: Salud mental | E8: =B8 -> 3
A9: Traumatologicas - miembros superiores | B9: 3 | C9: =IF($B$13=0,"",B9/$B$13) -> 0.088235294 | D9: Miembros superiores | E9: =B9 -> 3
A10: Oncologicas | B10: 2 | C10: =IF($B$13=0,"",B10/$B$13) -> 0.058823529 | D10: Oncologicas | E10: =B10 -> 2
A11: Cardiovasculares | B11: 2 | C11: =IF($B$13=0,"",B11/$B$13) -> 0.058823529 | D11: Cardiovasculares | E11: =B11 -> 2
A12: Respiratorias | B12: 0 | C12: =IF($B$13=0,"",B12/$B$13) -> 0 | D12: Respiratorias | E12: =B12 -> 0
A13: Total | B13: =SUM(B5:B12) -> 34 | C13: =SUM(C5:C12) -> 1
A16: Lectura principal
A17: Las causas traumatologicas representan 18 de 34 casos reales BP (52,9%). Dentro de ellas predominan miembros inferiores: 11 casos (32,4% del total).
A22: Nota de revision
A23: La categoria "Otras" concentra 9 casos heterogeneos. Conviene revisarla periodicamente para crear subgrupos cuando el volumen lo justifique. Hay un caso sin diagnostico consignado.

Sheet Clasificacion BP
A1: Clasificacion de casos reales BP
A2: Base desidentificada: consolida continuidades de la misma persona y patologia. No contiene nombres ni legajos.
A4: Caso | B4: Primera baja | C4: Ultima alta | D4: Diagnosticos consolidados | E4: Categoria principal | F4: Registros unidos
A5: 1 | B5: 45929 | C5: 46041 | D5: POP ARTROSCOPIA DE ROD IZQ | E5: Traumatologicas - miembros inferiores | F5: 1
A6: 2 | B6: 45866 | C6: 46044 | D6: TRASTORNO DEPRESIVO | E6: Salud mental | F6: 1
A7: 3 | B7: 45946 | C7: 46053 | D7: POP MENISECTOMIA ROD DER. / CA prostata | E7: Oncologicas | F7: 1
A8: 4 | B8: 45968 | C8: 46206 | D8: CIRROSIS HEPATICA | HDA/ CIRROSIS HEPATICA | E8: Otras | F8: 2
A9: 5 | B9: 45915 | C9: 46161 | D9: DISCOPATIA L2-L3, L5-S1 | E9: Traumatologicas - columna | F9: 1
A10: 6 | B10: 45856 | C10: 46084 | D10: POP DE LCA + POL + AOL ROD DER | E10: Traumatologicas - miembros inferiores | F10: 1
A11: 7 | B11: 45856 | C11: 46202 | D11: SME MENISCAL (GENU VARO ARTROSICO) | POP OSTEOMIA ROD IZQ | E11: Traumatologicas - miembros inferiores | F11: 2
A12: 8 | B12: 45870 | C12: 46082 | D12: POP DE LCA ROD IZQ | E12: Traumatologicas - miembros inferiores | F12: 1
A13: 9 | B13: 46036 | C13: 46155 | D13: HERNIA DISCAL L5-S1 | E13: Traumatologicas - columna | F13: 2
A14: 10 | B14: 46041 | C14: 46202 | D14: SME MENISCAL | POP SX MENISCAL ROD DER. | E14: Traumatologicas - miembros inferiores | F14: 2
A15: 11 | B15: 46041 | C15: 46062 | D15: HERIDA CORTANTE EN CARA PALMAR MANO DER. | E15: Traumatologicas - miembros superiores | F15: 1
A16: 12 | B16: 46051 | C16: 46081 | D16: APEX | E16: Otras | F16: 1
A17: 13 | B17: 46062 | C17: 46093 | D17: EPICONDILITIS | E17: Traumatologicas - miembros superiores | F17: 1
A18: 14 | B18: 46079 | D18: SME MENISCAL ROD | POP MENISECTOMIA ROD DER. | E18: Traumatologicas - miembros inferiores | F18: 2
A19: 15 | B19: 46094 | C19: 46125 | D19: ULCERA VARICOSA MMII IZQUIERDO | E19: Cardiovasculares | F19: 1
A20: 16 | B20: 46079 | C20: 46132 | D20: POP ARTROSCOPIA DE ROD DERECHA | E20: Traumatologicas - miembros inferiores | F20: 1
A21: 17 | B21: 46099 | C21: 46101 | D21: TX DE CODO | E21: Traumatologicas - miembros superiores | F21: 1
A22: 18 | B22: 46098 | C22: 46122 | D22: HERNIOPLASTIA | E22: Otras | F22: 1
A23: 19 | B23: 46132 | C23: 46150 | D23: POP DEDO PIE IZQ (AMPUTACIÓN POR POLIDACTILIA) | E23: Traumatologicas - miembros inferiores | F23: 1
A24: 20 | B24: 46134 | C24: 46169 | D24: LUMBALGIA RECIDIVANTE | E24: Traumatologicas - columna | F24: 1
A25: 21 | B25: 46144 | C25: 46171 | D25: POP COLECISTECTOMIA | E25: Otras | F25: 1
A26: 22 | B26: 46148 | C26: 46174 | D26: RABDOMIOLISIS | E26: Otras | F26: 1
A27: 23 | B27: 46148 | C27: 46204 | D27: CA PANCREAS | E27: Oncologicas | F27: 1
A28: 24 | B28: 46146 | C28: 46204 | D28: IPB PIE IZQ | E28: Traumatologicas - miembros inferiores | F28: 1
A29: 25 | B29: 46121 | C29: 46220 | D29: POP MENISECTOMIA ROD DER. | E29: Traumatologicas - miembros inferiores | F29: 1
A30: 26 | B30: 46171 | C30: 46211 | D30: F43.2 | E30: Salud mental | F30: 1
A31: 27 | B31: 46191 | C31: 46220 | D31: HERNIOPLASTIA INGUINAL IZQ | E31: Otras | F31: 1
A32: 28 | B32: 46113 | D32: POP TRANSPLANTE RENAL | E32: Otras | F32: 1
A33: 29 | B33: 46113 | D33: POLITRAUMATISMO POR AI | E33: Otras | F33: 1
A34: 30 | B34: 46170 | D34: LUMBALGIA/DISCOPATIA | E34: Traumatologicas - columna | F34: 1
A35: 31 | B35: 46171 | D35: F41.1 | E35: Salud mental | F35: 1
A36: 32 | B36: 46202 | D36: ACV | E36: Cardiovasculares | F36: 1
A37: 33 | B37: 46203 | D37: SIN DIAGNOSTICO | E37: Otras | F37: 1
A38: 34 | B38: 46183 | D38: SME MENISCAL ROD IZQ | E38: Traumatologicas - miembros inferiores | F38: 1

Sheet Fuentes y criterios
A1: Fuentes y criterios del tablero
A2: Definiciones operativas, alcance y controles de calidad.
A4: KPI | B4: Definicion | C4: Numerador | D4: Denominador | E4: Fuente | F4: Observacion
A5: Ausentismo Servicio Medico | B5: Toda ausencia medica reportada | C5: Enfermedad + ART | D5: Horas normales teoricas | E5: Indicador Ausentismo junio.xlsx | F5: BP y ART son componentes; no se suman por fuera.
A6: BP | B6: Enfermedad prolongada | C6: Dias laborables BP x 8 | D6: Horas normales teoricas | E6: Planilla Tandanor (1).xlsx - BP | F6: Misma persona + misma patologia continuada = un caso real.
A7: ART | B7: Ausencia por accidente ART | C7: Horas ART | D7: Horas normales teoricas | E7: Indicador Ausentismo junio.xlsx | F7: Componente del total medico.
A8: Vacunacion | B8: Cobertura antigripal | C8: 200 aplicaciones | D8: 432 personas | E8: Control servicio medico + listado PDF | F8: Nomina SI=193; diferencia 7 pendiente.
A9: Botiquines | B9: Plenamente operativos | C9: 34 | D9: 36 | E9: Control Completo - BOTIQUINES | F9: 1 con observaciones y 1 no operativo.
A10: DEA | B10: Operativos | C10: 3 | D10: 4 | E10: Control Completo - Dea | F10: 1 fuera de servicio.
A11: Oxigeno | B11: Operativos | C11: 6 | D11: 7 | E11: Control Completo - Oxigeno | F11: 1 no operativo.
A14: Criterio de clasificacion BP
A15: Grupos utilizados: cardiovasculares, salud mental, traumatologicas de miembros inferiores, miembros superiores y columna, oncologicas, respiratorias y otras.
A16: Unidad de conteo: caso real por persona y patologia. Se consolidaron 39 registros semestrales en 34 casos unicos.
A17: La hoja Clasificacion BP permite auditar cada asignacion sin exponer nombres ni legajos.
A18: Actualizado: 10/08/2026.
