Workbook

Sheet Dashboard integral
A1: Gestión del Servicio Médico
A2: Resultados realizados · Primer semestre 2026 · Presentación para Dirección
A3: TANDANOR | SERVICIO MÉDICO | ENERO–JUNIO 2026
A5: ACTIVIDAD REGISTRADA | E5: ATENCIÓN CLÍNICA | I5: VACUNAS APLICADAS | M5: CAPACITACIÓN RCP Y DEA
A6: ='Actividad 1S'!B12 -> 2542 | E6: ='Actividad 1S'!F12 -> 1295 | I6: ='Prevención realizada'!B6 -> 200 | M6: ='Prevención realizada'!B7 -> 20
A8: registros propios · asistencia y administración | E8: registros médicos y de enfermería | I8: aplicaciones totales confirmadas | M8: asistentes · actividad realizada
A11: SEGUIMIENTO BP | E11: CASOS ART INICIADOS | I11: RECHAZOS ART CONSIGNADOS | M11: CONTROL DE BOTIQUINES
A12: ='Seguimiento BP'!B6 -> 38 | E12: ='ART y rechazos'!B9 -> 28 | I12: ='ART y rechazos'!C9 -> 13 | M12: ='Prevención realizada'!B8 -> 35
A14: episodios presentes en el semestre | E14: 19 AT · 8 AI · 1 EP | I14: 9 AT · 3 AI · 1 EP · casos iniciados 1S | M14: botiquines con última revisión fechada 1S
A17: El semestre combina atención cotidiana, seguimiento de casos y prevención realizada. La gestión documentó 200 aplicaciones de vacunas y una capacitación de RCP y DEA con 20 asistentes.
A19: ART: 13 de los 28 casos iniciados en el semestre tienen rechazo consignado (46,4%). El desglose por contingencia permite mostrar este punto con claridad; el porcentaje describe la documentación disponible.
A36: Lectura de resultados
A37: Atención: 947 registros de enfermería y 348 médicos, además de la gestión administrativa. Seguimiento: 38 episodios BP y 32 casos ART presentes en el semestre, con sus altas y estados al cierre documentados en las hojas de respaldo.
A39: Contexto RRHH: ausentismo médico ponderado 4,72% (3,92% en 1S2025). La tasa contextualiza la gestión sin atribuir causas. Los motivos clínicos por sector se muestran agrupados y protegen las celdas pequeñas.
A41: Vacunas y capacitación: resultados confirmados por la responsable. ART: rechazos consignados en casos iniciados en 1S; no se certifica la fecha de cada decisión. Botiquines: última revisión fechada en el semestre.

Sheet Actividad 1S
A1: Actividad asistencial y administrativa
A2: Registros por fecha real · Base actualizada · Contratistas en un registro separado
A3: TANDANOR | SERVICIO MÉDICO | ENERO–JUNIO 2026
A5: Mes | B5: Total propio | C5: Enfermería | D5: Médica | E5: Administrativa | F5: Clínica | G5: Sin clasificar | H5: Contratistas
A6: Enero | B6: 362 | C6: 181 | D6: 41 | E6: 139 | F6: =C6+D6 -> 222 | G6: 1 | H6: 11
A7: Febrero | B7: 273 | C7: 103 | D7: 60 | E7: 108 | F7: =C7+D7 -> 163 | G7: 2 | H7: 17
A8: Marzo | B8: 488 | C8: 148 | D8: 75 | E8: 265 | F8: =C8+D8 -> 223 | G8: 0 | H8: 10
A9: Abril | B9: 470 | C9: 156 | D9: 64 | E9: 248 | F9: =C9+D9 -> 220 | G9: 2 | H9: 23
A10: Mayo | B10: 464 | C10: 161 | D10: 65 | E10: 237 | F10: =C10+D10 -> 226 | G10: 1 | H10: 1
A11: Junio | B11: 485 | C11: 198 | D11: 43 | E11: 241 | F11: =C11+D11 -> 241 | G11: 3 | H11: 18
A12: TOTAL 1S | B12: =SUM(B6:B11) -> 2542 | C12: =SUM(C6:C11) -> 947 | D12: =SUM(D6:D11) -> 348 | E12: =SUM(E6:E11) -> 1238 | F12: =SUM(F6:F11) -> 1295 | G12: =SUM(G6:G11) -> 9 | H12: =SUM(H6:H11) -> 80
A14: Cada fila es un registro. La cifra no representa consultas clínicas únicas: el total propio incluye 1.238 registros administrativos y 9 sin clasificación. Los 80 registros de contratistas no se suman al total propio.
A16: La base contiene 7 repeticiones exactas; excluyéndolas quedan 2.535 registros propios. Los conteos de personas se utilizan sólo como estimaciones internas de deduplicación.
A32: Actuaciones de licencias y cantidades de medicación consignadas
A33: Mes | B33: Actuaciones con licencia | C33: Intervalos completos | D33: Comprimidos consignados | E33: Inyectables consignados | F33: Alcance
A34: Enero | B34: 133 | C34: 80 | F34: Campos sin cantidad
A35: Febrero | B35: 132 | C35: 51 | D35: 126 | E35: 9 | F35: Registro parcial
A36: Marzo | B36: 301 | C36: 155 | D36: 194 | E36: 7 | F36: Registro parcial
A37: Abril | B37: 292 | C37: 110 | D37: 185 | E37: 6 | F37: Registro parcial
A38: Mayo | B38: 452 | C38: 121 | D38: 207 | E38: 18 | F38: Registro parcial
A39: Junio | B39: 384 | C39: 97 | D39: 240 | E39: 19 | F39: Registro parcial
A40: TOTAL CONSIGNADO | B40: =SUM(B34:B39) -> 1694 | C40: =SUM(C34:C39) -> 614 | D40: =SUM(D34:D39) -> 952 | E40: =SUM(E34:E39) -> 59
A42: Licencias: 1.694 actuaciones con campos de licencia; no son 1.694 licencias únicas. Se identifican 566 intervalos completos distintos. No se suman los días informados como horas perdidas.
A44: Medicación: 952 comprimidos y 59 inyectables consignados son cantidades parciales en AT. DIARIAS. Enero tiene campos vacíos, no consumo cero. No se vinculan a productos o stock ni se consideran consumo total del servicio.
A47: Fuente: Planilla Tandanor.xlsx · AT. DIARIAS y CONTRATISTAS · 01/01–30/06/2026.

Sheet Seguimiento BP
A1: Seguimiento de bajas prolongadas
A2: Episodios administrativos presentes en enero–junio · Estado inferido al 30/06/2026
A3: TANDANOR | SERVICIO MÉDICO | ENERO–JUNIO 2026
A5: Indicador | B5: Resultado | C5: Unidad | D5: Alcance
A6: Episodios seguidos | B6: 38 | C6: episodios | D6: Presentes en 1S
A7: Arrastre inicial | B7: 8 | C7: episodios | D7: Abiertos al inicio
A8: Nuevos inicios | B8: 30 | C8: episodios | D8: Inicio en 1S
A9: Altas registradas | B9: 23 | C9: episodios | D9: Alta en 1S
A10: Activos al 30/06 | B10: 15 | C10: episodios | D10: Abiertos al cierre
A12: Mes | B12: Inicio del mes | C12: Nuevos inicios | D12: Altas registradas | E12: Activos fin de mes | F12: Balance
A13: Enero | B13: 8 | C13: 4 | D13: 3 | E13: 9 | F13: =B13+C13-D13 -> 9
A14: Febrero | B14: 9 | C14: 3 | D14: 3 | E14: 9 | F14: =B14+C14-D14 -> 9
A15: Marzo | B15: 9 | C15: 3 | D15: 8 | E15: 4 | F15: =B15+C15-D15 -> 4
A16: Abril | B16: 4 | C16: 7 | D16: 3 | E16: 8 | F16: =B16+C16-D16 -> 8
A17: Mayo | B17: 8 | C17: 8 | D17: 4 | E17: 12 | F17: =B17+C17-D17 -> 12
A18: Junio | B18: 12 | C18: 5 | D18: 2 | E18: 15 | F18: =B18+C18-D18 -> 15
A20: Balance semestral: 8 de arrastre + 30 nuevos − 23 altas = 15 activos al 30/06. Las altas expresan cierre administrativo; no certifican recuperación ni cumplimiento de controles.
A36: Criterio: unión administrativa de intervalos superpuestos o contiguos por persona. Son 39 filas originales consolidadas en 38 episodios; no se certifica continuidad clínica. Fuente: Planilla Tandanor.xlsx · BP.

Sheet ART y rechazos
A1: ART: casos y rechazos consignados
A2: Foco en AT, AI y EP · Cohorte principal: casos con inicio entre el 01/01 y el 30/06/2026
A3: TANDANOR | SERVICIO MÉDICO | ENERO–JUNIO 2026
A5: Contingencia | B5: Casos iniciados 1S | C5: Rechazo consignado | D5: Sin mención de rechazo | E5: Lectura documental | F5: Proporción
A6: AT · Trabajo | B6: 19 | C6: 9 | D6: 10 | E6: 9 de 19 casos | F6: =C6/B6 -> 0.47368421
A7: AI · In itinere | B7: 8 | C7: 3 | D7: 5 | E7: 3 de 8 casos | F7: =C7/B7 -> 0.375
A8: EP · Profesional | B8: 1 | C8: 1 | D8: 0 | E8: 1 de 1 casos | F8: 1 de 1
A9: TOTAL COHORTE | B9: =SUM(B6:B8) -> 28 | C9: =SUM(C6:C8) -> 13 | D9: =SUM(D6:D8) -> 15 | E9: 13 de 28 casos | F9: =C9/B9 -> 0.46428571
A11: 13 casos iniciados en 1S tienen rechazo consignado: 9 AT, 3 AI y 1 EP. El predominio de AT concentra el mayor volumen de esta problemática en el registro. La ausencia de mención de rechazo no demuestra aceptación.
A13: La fecha de inicio del caso delimita la cohorte. Las observaciones pueden contener fechas textuales; no equivalen a una resolución formal verificable ni permiten fechar los 13 rechazos como decisiones emitidas en el semestre.
A30: Seguimiento ART del semestre: cohorte presente y evolución mensual
A31: 32 casos presentes = 4 de arrastre + 28 inicios. 26 altas registradas y 6 activos al 30/06. El arrastre se muestra aparte del denominador de rechazos de casos nuevos.
A33: Mes | B33: Inicio del mes | C33: Nuevos casos | D33: Altas registradas | E33: Activos fin de mes | F33: Balance
A34: Enero | B34: 4 | C34: 2 | D34: 1 | E34: 5 | F34: =B34+C34-D34 -> 5
A35: Febrero | B35: 5 | C35: 4 | D35: 4 | E35: 5 | F35: =B35+C35-D35 -> 5
A36: Marzo | B36: 5 | C36: 5 | D36: 7 | E36: 3 | F36: =B36+C36-D36 -> 3
A37: Abril | B37: 3 | C37: 6 | D37: 4 | E37: 5 | F37: =B37+C37-D37 -> 5
A38: Mayo | B38: 5 | C38: 4 | D38: 6 | E38: 3 | F38: =B38+C38-D38 -> 3
A39: Junio | B39: 3 | C39: 7 | D39: 4 | E39: 6 | F39: =B39+C39-D39 -> 6
A42: AT = accidente de trabajo · AI = accidente in itinere · EP = enfermedad profesional. Clasificación conservada de la fuente. Fuente: Planilla Tandanor.xlsx · ART. No se publican nombres, diagnósticos nominales ni motivos inferidos de rechazo.

Sheet Patologías generales
A1: Patologías y motivos clínicos frecuentes
A2: Atención médica y de enfermería · Grupos amplios del motivo consignado · Registros, no prevalencia
A3: TANDANOR | SERVICIO MÉDICO | ENERO–JUNIO 2026
A5: Grupo clínico | B5: Registros | C5: Personas estimadas | D5: % de registros clasificados | E5: Posición
A6: Musculoesqueléticos | B6: 239 | C6: 113 | D6: =B6/$B$17 -> 0.28725962 | E6: 1
A7: Digestivos | B7: 148 | C7: 86 | D7: =B7/$B$17 -> 0.17788462 | E7: 2
A8: Respiratorios y ORL | B8: 122 | C8: 83 | D8: =B8/$B$17 -> 0.14663462 | E8: 3
A9: Oculares | B9: 95 | C9: 61 | D9: =B9/$B$17 -> 0.11418269 | E9: 4
A10: Neurológicos y cefalea | B10: 84 | C10: 55 | D10: =B10/$B$17 -> 0.10096154 | E10: 5
A11: Traumatismos y heridas | B11: 64 | C11: 43 | D11: =B11/$B$17 -> 0.076923077 | E11: 6
A12: Dermatológicos y alérgicos | B12: 41 | C12: 12 | D12: =B12/$B$17 -> 0.049278846 | E12: 7
A13: Odontológicos | B13: 29 | C13: 20 | D13: =B13/$B$17 -> 0.034855769 | E13: 8
A14: Cardiovasculares | B14: 8 | C14: 7 | D14: =B14/$B$17 -> 0.0096153846 | E14: 9
A17: Registros clasificados en grupo único | B17: 832
A18: Total de registros clínicos | B18: 1295 | D18: =B17/B18 -> 0.64247104
A20: Predominan los motivos musculoesqueléticos (239 registros). El ranking describe la demanda atendida documentada; no identifica causalidad laboral ni mide prevalencia por dotación.
A38: De 1.295 registros clínicos. 832 se clasifican en un único grupo y 463 quedan fuera del ranking: prestaciones o controles sin patología consignada. textos no clasificables y motivos múltiples. Los porcentajes usan los 832 clasificados como denominador.
A41: Se muestran sólo grupos con al menos 5 registros y 5 personas estimadas. Una persona puede aportar varias atenciones y grupos; los conteos de personas por grupo no se suman. Fuente: Planilla Tandanor.xlsx · AT. DIARIAS · CONSULTA.

Sheet Patologías por sector
A1: Lectura clínica por sector
A2: Grupo más frecuente entre las celdas publicables de cada sector · Departamento consignado en la atención
A3: TANDANOR | SERVICIO MÉDICO | ENERO–JUNIO 2026
A5: Sector | B5: Registros clínicos | C5: Clasificados | D5: Grupo predominante publicable | E5: Registros del grupo | F5: % de clasificados del sector
A6: CASCO Y ACERO | B6: 267 | C6: 181 | D6: Musculoesqueléticos | E6: 58 | F6: =E6/C6 -> 0.32044199
A7: MECANICA | B7: 144 | C7: 83 | D7: Respiratorios y ORL | E7: 20 | F7: =E7/C7 -> 0.24096386
A8: CARENADO | B8: 103 | C8: 57 | D8: Musculoesqueléticos | E8: 19 | F8: =E8/C8 -> 0.33333333
A9: SYNCROLIFT | B9: 96 | C9: 70 | D9: Musculoesqueléticos | E9: 28 | F9: =E9/C9 -> 0.4
A10: SERVICIOS GENERALES | B10: 81 | C10: 64 | D10: Musculoesqueléticos | E10: 31 | F10: =E10/C10 -> 0.484375
A11: CAPITAL HUMANO | B11: 76 | C11: 49 | D11: Musculoesqueléticos | E11: 16 | F11: =E11/C11 -> 0.32653061
A12: ELECTRICIDAD | B12: 76 | C12: 43 | D12: Musculoesqueléticos | E12: 13 | F12: =E12/C12 -> 0.30232558
A13: COBRERIA | B13: 60 | C13: 41 | D13: Digestivos | E13: 14 | F13: =E13/C13 -> 0.34146341
A14: BOMBEROS | B14: 44 | C14: 32 | D14: Digestivos | E14: 10 | F14: =E14/C14 -> 0.3125
A15: HIGIENE Y SEGURIDAD INDUSTRIAL | B15: 42 | C15: 17 | D15: Digestivos | E15: 5 | F15: =E15/C15 -> 0.29411765
A17: La tabla permite describir diferencias en los motivos de atención por sector. “Predominante” se refiere al grupo de mayor frecuencia entre las celdas que cumplen el umbral de publicación; no permite afirmar que los puestos hayan causado esas patologías.
A19: Los porcentajes representan registros clasificados del sector. No son porcentajes de trabajadores enfermos. Las prestaciones sin patología y las celdas pequeñas no se confunden con cero. El detalle completo publicable está en la hoja “Detalle clínico sectorial”.
A21: Umbral: cada celda sector–grupo publicada reúne ≥5 registros y ≥5 personas estimadas. Los sectores sin una celda que cumpla el umbral se conservan en el alcance agregado y no se desglosan por motivo.

Sheet Detalle clínico sectorial
A1: Detalle agregado de motivos por sector
A2: Celdas publicables · No contiene datos nominales ni filas individuales
A3: TANDANOR | SERVICIO MÉDICO | ENERO–JUNIO 2026
A5: Sector | B5: Grupo clínico | C5: Registros | D5: Personas estimadas | E5: % de clasificados del sector
A6: CASCO Y ACERO | B6: Musculoesqueléticos | C6: 58 | D6: 23 | E6: 0.32044199
A7: CASCO Y ACERO | B7: Oculares | C7: 38 | D7: 20 | E7: 0.20994475
A8: CASCO Y ACERO | B8: Digestivos | C8: 25 | D8: 13 | E8: 0.13812155
A9: CASCO Y ACERO | B9: Respiratorios y ORL | C9: 20 | D9: 11 | E9: 0.11049724
A10: CASCO Y ACERO | B10: Traumatismos y heridas | C10: 14 | D10: 10 | E10: 0.077348066
A11: CASCO Y ACERO | B11: Neurológicos y cefalea | C11: 13 | D11: 10 | E11: 0.071823204
A12: MECANICA | B12: Respiratorios y ORL | C12: 20 | D12: 10 | E12: 0.24096386
A13: MECANICA | B13: Digestivos | C13: 18 | D13: 12 | E13: 0.21686747
A14: MECANICA | B14: Musculoesqueléticos | C14: 16 | D14: 12 | E14: 0.19277108
A15: MECANICA | B15: Oculares | C15: 11 | D15: 8 | E15: 0.13253012
A16: MECANICA | B16: Traumatismos y heridas | C16: 10 | D16: 7 | E16: 0.12048193
A17: MECANICA | B17: Neurológicos y cefalea | C17: 6 | D17: 5 | E17: 0.072289157
... A44: OTROS SECTORES Y SIN SECTOR | B44: Oculares | C44: 7 | D44: 6 | E44: 0.050724638
A46: Cada porcentaje utiliza todos los registros clasificados en grupo único del sector, antes de suprimir celdas pequeñas. La suma de celdas visibles puede ser menor que el total clasificado. “Otros sectores y sin sector” agrupa departamentos que no alcanzan el umbral y registros sin departamento.
A48: Se publican sólo grupos clínicos amplios y celdas de al menos 5 registros y 5 personas estimadas. Los conteos de personas por sector/grupo no son aditivos. Fuente: Planilla Tandanor.xlsx · AT. DIARIAS · fecha real de la atención.

Sheet Prevención realizada
A1: Prevención y preparación realizadas
A2: Resultados ejecutados del primer semestre · Aplicaciones, asistentes y controles documentados
A3: TANDANOR | SERVICIO MÉDICO | ENERO–JUNIO 2026
A5: Resultado de gestión | B5: Cantidad | C5: Unidad | D5: Alcance | E5: Evidencia
A6: Vacunas aplicadas | B6: 200 | C6: aplicaciones | D6: Total 1S confirmado por la responsable | E6: Confirmación de la responsable
A7: Capacitación RCP y DEA realizada | B7: 20 | C7: asistentes | D7: Actividad realizada con 20 asistentes | E7: Confirmación de la responsable
A8: Botiquines con revisión fechada 1S | B8: 35 | C8: botiquines | D8: Última revisión consignada entre enero y junio | E8: BOTIQUINES · fechas de revisión
A10: La prevención realizada aporta dos resultados concretos para Dirección: 200 aplicaciones de vacunas y una capacitación de RCP y uso de DEA a la que concurrieron 20 personas.
A12: Vacunación: se informa el total de aplicaciones confirmado. No se convierte en personas únicas, cobertura poblacional ni tipo de vacuna. Los registros parciales y las marcas del padrón no se suman a las 200 aplicaciones.
A15: Botiquines: evidencia de controles del primer semestre
A16: Mes de última revisión registrada | B16: Botiquines | C16: Unidad | D16: Criterio
A17: Marzo | B17: 2 | C17: botiquines | D17: Última revisión fechada 1S
A18: Abril | B18: 1 | C18: botiquines | D18: Última revisión fechada 1S
A19: Mayo | B19: 19 | C19: botiquines | D19: Última revisión fechada 1S
A20: Junio | B20: 13 | C20: botiquines | D20: Última revisión fechada 1S
A21: TOTAL CON FECHA 1S | B21: =SUM(B17:B20) -> 35
A23: Este indicador acredita 35 botiquines con una última revisión registrada en el semestre. No representa el número total de recorridos de planta ni certifica disponibilidad histórica del equipamiento.
A26: RCP y DEA: la confirmación de realización y asistencia de la responsable reemplaza la lectura anterior del campo de asistencia sin completar. No se interpreta el número de asistentes como personal certificado o cobertura de toda la dotación.
A30: Fuentes: confirmaciones de la responsable del Servicio Médico del 07/10/2026; Copia de Control_Completo_Servicio_Medico_Astillero2.xlsx · BOTIQUINES · F2:F37. Sólo se incorporan resultados realizados del semestre.

Sheet Registro de accidentes
A1: Accidentología documentada del semestre
A2: Registro preventivo separado del seguimiento ART · Eventos fechados en enero–junio
A3: TANDANOR | SERVICIO MÉDICO | ENERO–JUNIO 2026
A5: Mes | B5: Eventos | C5: Tandanor | D5: Otros empleadores | E5: Derivación ART consignada | F5: Lectura
A6: Enero | B6: 3 | C6: 1 | D6: 2 | E6: 2 | F6: Registro de eventos
A7: Febrero | B7: 1 | C7: 1 | D7: 0 | E7: 1 | F7: Registro de eventos
A8: Marzo | B8: 2 | C8: 0 | D8: 2 | E8: 2 | F8: Registro de eventos
A9: Abril | B9: 6 | C9: 5 | D9: 1 | E9: 3 | F9: Registro de eventos
A10: Mayo | B10: 7 | C10: 6 | D10: 1 | E10: 3 | F10: Registro de eventos
A11: Junio | B11: 4 | C11: 2 | D11: 2 | E11: 4 | F11: Registro de eventos
A12: TOTAL 1S | B12: =SUM(B6:B11) -> 23 | C12: =SUM(C6:C11) -> 15 | D12: =SUM(D6:D11) -> 8 | E12: =SUM(E6:E11) -> 15
A14: Se documentaron 23 eventos: 15 correspondientes a Tandanor y 8 a otros empleadores. De ellos, 15 tienen derivación ART consignada. La derivación y el seguimiento ART describen etapas distintas y no se suman entre sí.
A34: El registro incluye distintas personas y empleadores. Los 23 eventos no constituyen una tasa de incidencia por dotación ni equivalen a los 28 casos ART iniciados. No se asume que todo evento haya sido aceptado por la ART o haya generado baja.
A37: Fuente: Copia de Control_Completo_Servicio_Medico_Astillero2.xlsx · Registro Accidentes · fechas 01/01–30/06/2026. Los eventos fechados después del semestre se excluyen.

Sheet Ausentismo 1S
A1: Ausentismo médico: evolución y contexto
A2: Información de RRHH · Enfermedad + ART sobre horas teóricas · Primer semestre 2026 y comparación 2025
A3: TANDANOR | SERVICIO MÉDICO | ENERO–JUNIO 2026
A5: Mes | B5: Horas teóricas 2026 | C5: Horas enfermedad | D5: Horas ART | E5: Horas médicas | F5: Tasa médica 2026 | G5: Tasa médica 2025
A6: Enero | B6: 71736 | C6: 2208 | D6: 920 | E6: =C6+D6 -> 3128 | F6: =E6/B6 -> 0.043604327 | G6: 0.030460484
A7: Febrero | B7: 60912 | C7: 1881 | D7: 768 | E7: =C7+D7 -> 2649 | F7: =E7/B7 -> 0.043488968 | G7: 0.038961814
A8: Marzo | B8: 67040 | C8: 2095 | D8: 880 | E8: =C8+D8 -> 2975 | F8: =E8/B8 -> 0.044376492 | G8: 0.041170635
A9: Abril | B9: 66880 | C9: 2467 | D9: 344 | E9: =C9+D9 -> 2811 | F9: =E9/B9 -> 0.042030502 | G9: 0.040032583
A10: Mayo | B10: 63840 | C10: 2871 | D10: 409 | E10: =C10+D10 -> 3280 | F10: =E10/B10 -> 0.051378446 | G10: 0.038356974
A11: Junio | B11: 70224 | C11: 3358 | D11: 694 | E11: =C11+D11 -> 4052 | F11: =E11/B11 -> 0.057701071 | G11: 0.047763469
A12: TOTAL 1S 2026 | B12: =SUM(B6:B11) -> 400632 | C12: =SUM(C6:C11) -> 14880 | D12: =SUM(D6:D11) -> 4015 | E12: =SUM(E6:E11) -> 18895 | F12: =E12/B12 -> 0.047162982 | G12: 0.039213487
A15: Comparación 1S | B15: Horas teóricas | C15: Horas enfermedad | D15: Horas ART | E15: Horas médicas | F15: Tasa médica
A16: 2025 | B16: 401112 | C16: 13349 | D16: 2380 | E16: 15729 | F16: 0.039213487
A17: 2026 | B17: 400632 | C17: 14880 | D17: 4015 | E17: 18895 | F17: 0.047162982
A19: La tasa médica ponderada fue 4,72% frente a 3,92% en 1S2025: +0,795 puntos porcentuales. Se registraron 18.895 horas médicas, 3.166 más que en 1S2025. El dato permite contextualizar la demanda y el seguimiento; no demuestra una causa ni mide por sí solo el desempeño del servicio.
A38: La tasa semestral es la suma de horas médicas / suma de horas teóricas; no el promedio simple de porcentajes. BP ya forma parte de enfermedad y no se agrega otra vez. No se convierten días calendario de BP en horas laborables.
A41: Fuente: archivos mensuales Indicador Ausentismo de enero a junio · Relaciones Industriales. Comparación médica 2025 recalculada desde horas, sin utilizar tasas totales inconsistentes de otros componentes.

Sheet Sectores RRHH
A1: Ausentismo médico por sector
A2: Horas perdidas y tasa sobre horas teóricas · Universo RRHH · No equivale al ranking clínico por motivo
A3: TANDANOR | SERVICIO MÉDICO | ENERO–JUNIO 2026
A5: Sector | B5: Horas teóricas | C5: Enfermedad | D5: ART | E5: Horas médicas | F5: Tasa médica
A6: MECANICA | B6: 53616 | C6: 2698 | D6: 1613 | E6: =C6+D6 -> 4311 | F6: =E6/B6 -> 0.080405103
A7: CASCO Y ACERO | B7: 62832 | C7: 3006 | D7: 760 | E7: =C7+D7 -> 3766 | F7: =E7/B7 -> 0.059937611
A8: COBRERIA | B8: 30608 | C8: 1712 | D8: 344 | E8: =C8+D8 -> 2056 | F8: =E8/B8 -> 0.067171981
A9: CARENADO | B9: 28560 | C9: 1817 | D9: 0 | E9: =C9+D9 -> 1817 | F9: =E9/B9 -> 0.063620448
A10: MANTENIMIENTO | B10: 19680 | C10: 1512 | D10: 157 | E10: =C10+D10 -> 1669 | F10: =E10/B10 -> 0.084806911
A11: MANIOBRAS Y TRANSPORTES | B11: 20944 | C11: 523 | D11: 637 | E11: =C11+D11 -> 1160 | F11: =E11/B11 -> 0.055385791
A12: SYNCROLIFT | B12: 18864 | C12: 561 | D12: 408 | E12: =C12+D12 -> 969 | F12: =E12/B12 -> 0.051367684
A13: CONTROL PATRIMONIAL | B13: 8256 | C13: 697 | D13: 0 | E13: =C13+D13 -> 697 | F13: =E13/B13 -> 0.08442345
A14: SERVICIO COMEDOR | B14: 6664 | C14: 221 | D14: 96 | E14: =C14+D14 -> 317 | F14: =E14/B14 -> 0.047569028
A15: ELECTRICIDAD | B15: 20944 | C15: 314 | D15: 0 | E15: =C15+D15 -> 314 | F15: =E15/B15 -> 0.014992361
A16: MESA DE ENTRADA | B16: 1272 | C16: 264 | D16: 0 | E16: =C16+D16 -> 264 | F16: =E16/B16 -> 0.20754717
A17: HABITABILIDAD | B17: 9208 | C17: 206 | D17: 0 | E17: =C17+D17 -> 206 | F17: =E17/B17 -> 0.022371851
... A48: PLANIFICACION Y MANTENIMIENTO | B48: 952 | C48: 0 | D48: 0 | E48: =C48+D48 -> 0 | F48: =E48/B48 -> 0
A49: TOTAL SECTORES | B49: =SUM(B6:B48) -> 400632 | C49: =SUM(C6:C48) -> 14880 | D49: =SUM(D6:D48) -> 4015 | E49: =SUM(E6:E48) -> 18895 | F49: =E49/B49 -> 0.047162982
A51: Mecánica, Casco y Acero y Cobrería reúnen 10.133 horas médicas (53,6% del total). El volumen de horas y la tasa por sector responden preguntas diferentes: la frecuencia de motivos clínicos se presenta en sus propias hojas.
A53: Los rótulos RRHH pueden diferir de los departamentos del registro clínico. Se conservan los agregados de la fuente sin asignar patologías individuales ni unir universos. Las horas sectoriales concilian con las horas médicas mensuales.

Sheet Fuentes y criterios
A1: Fuentes y criterios de lectura
A2: Trazabilidad de resultados agregados · Corte 30/06/2026 · Actualización 08/10/2026
A3: TANDANOR | SERVICIO MÉDICO | ENERO–JUNIO 2026
A5: Dimensión | B5: Fuente | C5: Unidad / período | D5: Criterio de cálculo y lectura
A6: Actividad propia | B6: Planilla Tandanor.xlsx · AT. DIARIAS | C6: Registro con fecha entre 01/01 y 30/06 | D6: 2542 registros: médica, enfermería, administrativa y sin clasificar. La copia actualizada reemplaza a la anterior.
A7: Contratistas | B7: Planilla Tandanor.xlsx · CONTRATISTAS | C7: Registro fechado en 1S | D7: 80 registros separados de la actividad propia. No se suman personas entre universos.
A8: Seguimiento BP | B8: Planilla Tandanor.xlsx · BP | C8: Episodio administrativo presente en 1S | D8: Unión de intervalos superpuestos o contiguos por persona. 8 de arrastre + 30 inicios − 23 altas = 15 activos.
A9: ART y rechazos | B9: Planilla Tandanor.xlsx · ART | C9: Caso administrativo; cohorte con inicio 1S | D9: 28 inicios y 13 rechazos consignados. Fecha de inicio no es fecha de decisión. Sin mención de rechazo no equivale a aceptación.
A10: Patologías y motivos | B10: Planilla Tandanor.xlsx · AT. DIARIAS | C10: Registros médicos y de enfermería | D10: Grupos amplios a partir de CONSULTA. Porcentajes sobre registros clasificados en grupo único, sin inferir diagnóstico definitivo o causa laboral.
A11: Patologías por sector | B11: Departamento consignado en cada atención | C11: Celda sector–grupo | D11: Sólo celdas con ≥5 registros y ≥5 personas estimadas. Los conteos de personas no se suman entre grupos/sectores.
A12: Vacunación | B12: Confirmación de la responsable · 07/10/2026 | C12: 200 aplicaciones durante 1S | D12: Total confirmado. No equivale a personas únicas, cobertura o tipo de vacuna. Los registros parciales no se agregan al total.
A13: RCP y DEA | B13: Confirmación de la responsable · 07/10/2026 | C13: 20 asistentes a actividad realizada | D13: La responsable confirma ejecución y concurrencia. No se interpreta como certificación o cobertura de toda la dotación.
A14: Botiquines | B14: Control Completo · BOTIQUINES · F2:F37 | C14: Botiquín con última revisión fechada 1S | D14: 35 botiquines. Evidencia de control documentado, no número de recorridos ni disponibilidad histórica.
A15: Accidentes | B15: Control Completo · Registro Accidentes | C15: Evento fechado en 1S | D15: 23 eventos: 15 Tandanor y 8 otros empleadores. Se mantiene separado de la cohorte ART.
A16: Licencias y medicación | B16: Planilla Tandanor.xlsx · AT. DIARIAS | C16: Actuaciones y cantidades consignadas | D16: Licencias pueden repetir un intervalo; no equivalen a bajas únicas. Medicación parcial sin producto: 952 comprimidos y 59 inyectables; campos vacíos no son cero.
... A19: Comparación ART · anexo | B19: Informes originales Provincia ART 2025/2026 + Planilla · ART | C19: Sólo siniestralidad: enero–septiembre | D19: El comparativo se muestra separado de la gestión 1S. Denuncias ART e inicios administrativos propios corresponden a universos distintos.
A21: Gestión: resultados realizados y registros de enero–junio 2026. El anexo de siniestralidad compara enero–septiembre. La actualización permite revisar el estado administrativo al cierre; las observaciones pueden haberse incorporado después.
A23: Los datos se presentan agregados. No hay nombres, documentos, legajos, diagnósticos nominales, firmas ni filas individuales. No se publican celdas clínicas de grupos pequeños.
A25: Integridad de la fuente actualizada (SHA-256): d5d2c8abe148ca5c19c578ab6b2d93f8f9c6f88c1f6a4ce9dcdb725fc5ff3747
A27: Los archivos originales se conservan íntegros. El tablero visual elegido se usa como referencia de presentación; las cifras se recalculan desde las fuentes auditadas y las confirmaciones de la responsable.

Sheet Comparación ART 9 meses
A1: Siniestralidad: comparación de fuentes
A2: Anexo independiente · Sólo siniestralidad de enero–septiembre · La gestión del tablero mantiene enero–junio
A3: TANDANOR | SERVICIO MÉDICO | ENERO–SEPTIEMBRE 2025 Y 2026
A5: Provincia ART · Comparativo enero–septiembre 2025 y 2026
A6: Indicador ART | B6: Ene–sep 2025 | C6: Ene–sep 2026 | D6: Diferencia | E6: Lectura del indicador
A7: Denuncias registradas | B7: 82 | C7: 56 | D7: =C7-B7 -> -26 | E7: Universo de denuncias del informe ART
A8: Rechazos informados | B8: 16 | C8: 25 | D8: =C8-B8 -> 9 | E8: Rechazos del universo de denuncias ART
A9: Sin rechazo · gráfico por tipo | B9: 66 | C9: 31 | D9: =C9-B9 -> -35 | E9: Denuncias menos rechazos; total del gráfico
A10: Rechazos / denuncias | B10: =B8/B7 -> 0.19512195 | C10: =C8/C7 -> 0.44642857 | D10: =(C10-B10)*100 -> 25.130662 | E10: Diferencia expresada en puntos porcentuales
A12: La ART informa 56 denuncias frente a 82 en 2025 (−31,7%). Los rechazos pasan de 16 a 25: representan 44,6% de las denuncias frente a 19,5% (+25,1 puntos porcentuales). Son resultados del universo ART; no se atribuyen causalmente a la gestión médica.
A14: Tipo sin rechazo · gráfico ART | B14: Ene–sep 2025 | C14: Ene–sep 2026 | D14: Diferencia | E14: Clasificación conservada del informe
A15: AT · Trabajo | B15: 38 | C15: 16 | D15: =C15-B15 -> -22 | E15: Casos sin rechazo del gráfico por tipo
A16: AI · In itinere | B16: 9 | C16: 9 | D16: =C16-B16 -> 0 | E16: Casos sin rechazo del gráfico por tipo
A17: EP · Profesional | B17: 19 | C17: 6 | D17: =C17-B17 -> -13 | E17: Casos sin rechazo del gráfico por tipo
A19: Registro propio y Provincia ART · Enero–septiembre 2026
A20: Fuente | B20: Inicios / denuncias | C20: Rechazos / menciones | D20: Resto del universo | E20: Unidad y criterio de inclusión
A21: Planilla Tandanor · ART | B21: 39 | C21: 14 | D21: 25 | E21: Inicios administrativos válidos; rechazo consignado en observaciones
A22: Informe Provincia ART | B22: 56 | C22: 25 | D22: 31 | E22: Denuncias, rechazos y resto del gráfico del informe original
A24: La planilla contiene 39 inicios válidos y 14 menciones de rechazo; la ART informa 56 denuncias y 25 rechazos. Las diferencias agregadas (17 y 11) no demuestran casos omitidos: las fechas de inicio administrativo y los criterios de inclusión no están confirmados como equivalentes a la denuncia ART.
A26: Rechazos consignados en la planilla · Cohorte con inicio enero–septiembre
A27: Contingencia | B27: Inicios válidos | C27: Rechazo consignado | D27: Sin mención de rechazo | E27: Lectura documental
A28: AT · Trabajo | B28: 23 | C28: 9 | D28: 14 | E28: 9 de 23 inicios con mención de rechazo
A29: AI · In itinere | B29: 12 | C29: 3 | D29: 9 | E29: 3 de 12 inicios con mención de rechazo
A30: EP · Profesional | B30: 4 | C30: 2 | D30: 2 | E30: 2 de 4 inicios con mención de rechazo
A31: TOTAL REGISTRO PROPIO | B31: =SUM(B28:B30) -> 39 | C31: =SUM(C28:C30) -> 14 | D31: =SUM(D28:D30) -> 25
A33: El detalle propio separa 9 AT, 3 AI y 2 EP con rechazo consignado en inicios de enero–septiembre. Las observaciones no certifican la fecha ni el resultado de cada resolución. Sin mención de rechazo no equivale a aceptación.
A35: Bases y conciliación de los reportes
A36: Los originales ART presentan 66/31 casos sin rechazo en sus gráficos de 2025/2026 y 63/23 en las tablas mensuales. Las diferencias (3/8) coinciden con las recaídas informadas, pero la ART no confirma esa explicación. Se identifican las representaciones y se conserva la definición de cada una.
A38: Planilla: un registro con alta anterior al inicio se excluye del conteo válido. Los 28 inicios y 13 rechazos del primer semestre permanecen en “ART y rechazos”; esta hoja no los reemplaza ni se suma a ellos. Los índices referidos a 12 meses no se presentan como indicadores de nueve meses.
A40: Fuentes: informe-siniestral-202501-202509.pdf e informe-siniestral-202601-202609.pdf · Provincia ART; Planilla Tandanor.xlsx · ART. Informes ART emitidos el 07/10/2026 y recibidos el 08/10/2026. Sólo agregados: no hay datos nominales ni diagnósticos individuales.
